<?xml version="1.0" encoding="UTF-8"?>

<gmd:MD_Metadata xmlns:gmd="http://www.isotc211.org/2005/gmd" xmlns:xsi="http://www.w3.org/2001/XMLSchema-instance" xsi:schemaLocation="http://www.isotc211.org/2005/gmd http://schemas.opengis.net/iso/19139/20060504/gmd/gmd.xsd">
  <gmd:fileIdentifier>
    <gco:CharacterString xmlns:gco="http://www.isotc211.org/2005/gco">2c4357c8-76e4-4662-9574-1deb8a73f724</gco:CharacterString>
  </gmd:fileIdentifier>
  <gmd:language>
    <gmd:LanguageCode codeList="http://www.loc.gov/standards/iso639-2/" codeListValue="dut" />
  </gmd:language>
  <gmd:characterSet>
    <gmd:MD_CharacterSetCode codeList="http://standards.iso.org/ittf/PubliclyAvailableStandards/ISO_19139_Schemas/resources/codelist/ML_gmxCodelists.xml#MD_CharacterSetCode" codeListValue="utf8" />
  </gmd:characterSet>
  <gmd:hierarchyLevel>
    <gmd:MD_ScopeCode codeList="http://standards.iso.org/ittf/PubliclyAvailableStandards/ISO_19139_Schemas/resources/codelist/ML_gmxCodelists.xml#MD_ScopeCode" codeListValue="dataset" />
  </gmd:hierarchyLevel>
  <gmd:contact>
    <gmd:CI_ResponsibleParty>
      <gmd:individualName xmlns:gco="http://www.isotc211.org/2005/gco" gco:nilReason="missing">
        <gco:CharacterString />
      </gmd:individualName>
      <gmd:organisationName>
        <gco:CharacterString xmlns:gco="http://www.isotc211.org/2005/gco">RIVM/I&amp;V/EPI</gco:CharacterString>
      </gmd:organisationName>
      <gmd:positionName xmlns:gco="http://www.isotc211.org/2005/gco" gco:nilReason="missing">
        <gco:CharacterString />
      </gmd:positionName>
      <gmd:contactInfo>
        <gmd:CI_Contact>
          <gmd:phone>
            <gmd:CI_Telephone>
              <gmd:voice xmlns:gco="http://www.isotc211.org/2005/gco" gco:nilReason="missing">
                <gco:CharacterString />
              </gmd:voice>
              <gmd:facsimile xmlns:gco="http://www.isotc211.org/2005/gco" gco:nilReason="missing">
                <gco:CharacterString />
              </gmd:facsimile>
            </gmd:CI_Telephone>
          </gmd:phone>
          <gmd:address>
            <gmd:CI_Address>
              <gmd:deliveryPoint xmlns:gco="http://www.isotc211.org/2005/gco" gco:nilReason="missing">
                <gco:CharacterString />
              </gmd:deliveryPoint>
              <gmd:city xmlns:gco="http://www.isotc211.org/2005/gco" gco:nilReason="missing">
                <gco:CharacterString />
              </gmd:city>
              <gmd:administrativeArea xmlns:gco="http://www.isotc211.org/2005/gco" gco:nilReason="missing">
                <gco:CharacterString />
              </gmd:administrativeArea>
              <gmd:postalCode xmlns:gco="http://www.isotc211.org/2005/gco" gco:nilReason="missing">
                <gco:CharacterString />
              </gmd:postalCode>
              <gmd:country xmlns:gco="http://www.isotc211.org/2005/gco" gco:nilReason="missing">
                <gco:CharacterString />
              </gmd:country>
              <gmd:electronicMailAddress>
                <gco:CharacterString xmlns:gco="http://www.isotc211.org/2005/gco">EPI-datamanagement@rivm.nl</gco:CharacterString>
              </gmd:electronicMailAddress>
            </gmd:CI_Address>
          </gmd:address>
          <gmd:onlineResource>
            <gmd:CI_OnlineResource>
              <gmd:linkage>
                <gmd:URL />
              </gmd:linkage>
            </gmd:CI_OnlineResource>
          </gmd:onlineResource>
        </gmd:CI_Contact>
      </gmd:contactInfo>
      <gmd:role>
        <gmd:CI_RoleCode codeListValue="pointOfContact" codeList="http://standards.iso.org/ittf/PubliclyAvailableStandards/ISO_19139_Schemas/resources/codelist/ML_gmxCodelists.xml#CI_RoleCode" />
      </gmd:role>
    </gmd:CI_ResponsibleParty>
  </gmd:contact>
  <gmd:dateStamp>
    <gco:Date xmlns:gco="http://www.isotc211.org/2005/gco">2020-05-31</gco:Date>
  </gmd:dateStamp>
  <gmd:metadataStandardName>
    <gco:CharacterString xmlns:gco="http://www.isotc211.org/2005/gco">ISO 19115</gco:CharacterString>
  </gmd:metadataStandardName>
  <gmd:metadataStandardVersion>
    <gco:CharacterString xmlns:gco="http://www.isotc211.org/2005/gco">Nederlands metadata profiel op ISO 19115 voor geografie 1.3.1</gco:CharacterString>
  </gmd:metadataStandardVersion>
  <gmd:referenceSystemInfo>
    <gmd:MD_ReferenceSystem>
      <gmd:referenceSystemIdentifier>
        <gmd:RS_Identifier>
          <gmd:code>
            <gco:CharacterString xmlns:gco="http://www.isotc211.org/2005/gco">28992</gco:CharacterString>
          </gmd:code>
          <gmd:codeSpace>
            <gco:CharacterString xmlns:gco="http://www.isotc211.org/2005/gco">EPSG</gco:CharacterString>
          </gmd:codeSpace>
        </gmd:RS_Identifier>
      </gmd:referenceSystemIdentifier>
    </gmd:MD_ReferenceSystem>
  </gmd:referenceSystemInfo>
  <gmd:identificationInfo>
    <gmd:MD_DataIdentification>
      <gmd:citation>
        <gmd:CI_Citation>
          <gmd:title>
            <gco:CharacterString xmlns:gco="http://www.isotc211.org/2005/gco">Covid-19 karakteristieken per casus landelijk</gco:CharacterString>
          </gmd:title>
          <gmd:date>
            <gmd:CI_Date>
              <gmd:date>
                <gco:Date xmlns:gco="http://www.isotc211.org/2005/gco">2020-05-29</gco:Date>
              </gmd:date>
              <gmd:dateType>
                <gmd:CI_DateTypeCode codeListValue="creation" codeList="http://standards.iso.org/ittf/PubliclyAvailableStandards/ISO_19139_Schemas/resources/codelist/ML_gmxCodelists.xml#CI_DateTypeCode" />
              </gmd:dateType>
            </gmd:CI_Date>
          </gmd:date>
          <gmd:date>
            <gmd:CI_Date>
              <gmd:date>
                <gco:Date xmlns:gco="http://www.isotc211.org/2005/gco">2020-05-29</gco:Date>
              </gmd:date>
              <gmd:dateType>
                <gmd:CI_DateTypeCode codeList="http://standards.iso.org/ittf/PubliclyAvailableStandards/ISO_19139_Schemas/resources/codelist/ML_gmxCodelists.xml#CI_DateTypeCode" codeListValue="publication" />
              </gmd:dateType>
            </gmd:CI_Date>
          </gmd:date>
          <gmd:identifier>
            <gmd:MD_Identifier>
              <gmd:code>
                <gco:CharacterString xmlns:gco="http://www.isotc211.org/2005/gco">c3e1d8f1-de75-4b55-b982-f029466ea421</gco:CharacterString>
              </gmd:code>
            </gmd:MD_Identifier>
          </gmd:identifier>
        </gmd:CI_Citation>
      </gmd:citation>
      <gmd:abstract>
        <gco:CharacterString xmlns:gco="http://www.isotc211.org/2005/gco">Dit bestand bevat de volgende karakteristieken per positief geteste casus in Nederland:
Datum voor statistiek, Leeftijdsgroep, Geslacht, Ziekenhuisopname, Overlijden, Week van overlijden, Provincie, Meldende GGD

Het bestand is als volgt opgebouwd: Een record voor elke laboratorium bevestigde COVID-19 patiënt in Nederland, sinds de eerste COVID-19 melding in Nederland op 27/02/2020 (Datum voor statistiek kan eerder zijn). Het bestand wordt dagelijks om 16:00 ververst, op basis van de gegevens zoals op 10:00 uur die dag geregistreerd staan in het landelijk systeem voor meldingsplichtige infectieziekten (Osiris AIZ).

Beschrijving van de variabelen

Date_file: Datum en tijd waarop de gegevens zijn gepubliceerd door het RIVM

Date_statistics: Datum voor statistiek; eerste ziektedag, indien niet bekend, datum lab positief, indien niet bekend, melddatum aan GGD (formaat: jjjj-mm-dd)

Date_statistics_type: Soort datum die beschikbaar was voor datum voor de variabele "Datum voor statistiek", waarbij:
DOO = Date of disease onset : Eerste ziektedag zoals gemeld door GGD. Let op: het is niet altijd bekend of deze eerste ziektedag ook echt al Covid-19 betrof.
DPL = Date of first Positive Labresult : Datum van de (eerste) positieve labuitslag. 
DON = Date of Notification : Datum waarop de melding bij de GGD is binnengekomen.

Agegroup: Leeftijdsgroep bij leven; 0-9, 10-19, ..., 90+; bij overlijden &lt;50, 50-59, 60-69, 70-79, 80-89, 90+, Unknown = Onbekend

Sex: Geslacht; Unknown = Onbekend, Male = Man, Female = Vrouw

Province: Naam van de provincie (op basis van de verblijfplaats van de patiënt)

Hospital_admission: Ziekenhuisopname. Unknown = Onbekend, Yes = Ja, No = Nee
Vanaf 1 mei 2020 wordt uitgevraagd of de indicatie van de ziekenhuisopname Covid-19 gerelateerd was. Indien dit niet het geval was is de waarde van deze kolom "No". 

Deceased: Overlijden. Unknown = Onbekend, Yes = Ja, No = Nee

Week of Death : Week van overlijden. YYYYMM volgens ISO-week notatie (start op maandag t/m zondag)

Municipal_health_service: GGD die de melding heeft gedaan.</gco:CharacterString>
      </gmd:abstract>
      <gmd:purpose>
        <gco:CharacterString xmlns:gco="http://www.isotc211.org/2005/gco">Doel van vervaardiging</gco:CharacterString>
      </gmd:purpose>
      <gmd:status>
        <gmd:MD_ProgressCode codeListValue="onGoing" codeList="http://standards.iso.org/ittf/PubliclyAvailableStandards/ISO_19139_Schemas/resources/codelist/ML_gmxCodelists.xml#MD_ProgressCode" />
      </gmd:status>
      <gmd:pointOfContact>
        <gmd:CI_ResponsibleParty>
          <gmd:individualName xmlns:gco="http://www.isotc211.org/2005/gco" gco:nilReason="missing">
            <gco:CharacterString />
          </gmd:individualName>
          <gmd:organisationName>
            <gco:CharacterString xmlns:gco="http://www.isotc211.org/2005/gco">RIVM/I&amp;V/EPI</gco:CharacterString>
          </gmd:organisationName>
          <gmd:positionName xmlns:gco="http://www.isotc211.org/2005/gco" gco:nilReason="missing">
            <gco:CharacterString />
          </gmd:positionName>
          <gmd:contactInfo>
            <gmd:CI_Contact>
              <gmd:phone>
                <gmd:CI_Telephone>
                  <gmd:voice xmlns:gco="http://www.isotc211.org/2005/gco" gco:nilReason="missing">
                    <gco:CharacterString />
                  </gmd:voice>
                  <gmd:facsimile xmlns:gco="http://www.isotc211.org/2005/gco" gco:nilReason="missing">
                    <gco:CharacterString />
                  </gmd:facsimile>
                </gmd:CI_Telephone>
              </gmd:phone>
              <gmd:address>
                <gmd:CI_Address>
                  <gmd:deliveryPoint xmlns:gco="http://www.isotc211.org/2005/gco" gco:nilReason="missing">
                    <gco:CharacterString />
                  </gmd:deliveryPoint>
                  <gmd:city xmlns:gco="http://www.isotc211.org/2005/gco" gco:nilReason="missing">
                    <gco:CharacterString />
                  </gmd:city>
                  <gmd:administrativeArea xmlns:gco="http://www.isotc211.org/2005/gco" gco:nilReason="missing">
                    <gco:CharacterString />
                  </gmd:administrativeArea>
                  <gmd:postalCode xmlns:gco="http://www.isotc211.org/2005/gco" gco:nilReason="missing">
                    <gco:CharacterString />
                  </gmd:postalCode>
                  <gmd:country xmlns:gco="http://www.isotc211.org/2005/gco" gco:nilReason="missing">
                    <gco:CharacterString />
                  </gmd:country>
                  <gmd:electronicMailAddress>
                    <gco:CharacterString xmlns:gco="http://www.isotc211.org/2005/gco">EPI-datamanagement@rivm.nl</gco:CharacterString>
                  </gmd:electronicMailAddress>
                </gmd:CI_Address>
              </gmd:address>
              <gmd:onlineResource>
                <gmd:CI_OnlineResource>
                  <gmd:linkage>
                    <gmd:URL />
                  </gmd:linkage>
                </gmd:CI_OnlineResource>
              </gmd:onlineResource>
            </gmd:CI_Contact>
          </gmd:contactInfo>
          <gmd:role>
            <gmd:CI_RoleCode codeListValue="pointOfContact" codeList="http://standards.iso.org/ittf/PubliclyAvailableStandards/ISO_19139_Schemas/resources/codelist/ML_gmxCodelists.xml#CI_RoleCode" />
          </gmd:role>
        </gmd:CI_ResponsibleParty>
      </gmd:pointOfContact>
      <gmd:descriptiveKeywords>
        <gmd:MD_Keywords>
          <gmd:keyword>
            <gco:CharacterString xmlns:gco="http://www.isotc211.org/2005/gco">COVID-19</gco:CharacterString>
          </gmd:keyword>
          <gmd:keyword>
            <gco:CharacterString xmlns:gco="http://www.isotc211.org/2005/gco">Leeftijdsgroep</gco:CharacterString>
          </gmd:keyword>
          <gmd:keyword>
            <gco:CharacterString xmlns:gco="http://www.isotc211.org/2005/gco">Geslacht</gco:CharacterString>
          </gmd:keyword>
          <gmd:keyword>
            <gco:CharacterString xmlns:gco="http://www.isotc211.org/2005/gco">Ziekenhuisopname</gco:CharacterString>
          </gmd:keyword>
          <gmd:keyword>
            <gco:CharacterString xmlns:gco="http://www.isotc211.org/2005/gco">Overlijden</gco:CharacterString>
          </gmd:keyword>
          <gmd:keyword>
            <gco:CharacterString xmlns:gco="http://www.isotc211.org/2005/gco">Coronavirus</gco:CharacterString>
          </gmd:keyword>
          <gmd:keyword>
            <gco:CharacterString xmlns:gco="http://www.isotc211.org/2005/gco">Infectieziekten</gco:CharacterString>
          </gmd:keyword>
          <gmd:keyword>
            <gco:CharacterString xmlns:gco="http://www.isotc211.org/2005/gco">Gezondheid</gco:CharacterString>
          </gmd:keyword>
          <gmd:keyword>
            <gco:CharacterString xmlns:gco="http://www.isotc211.org/2005/gco">SARS-CoV-2</gco:CharacterString>
          </gmd:keyword>
        </gmd:MD_Keywords>
      </gmd:descriptiveKeywords>
      <gmd:resourceConstraints>
        <gmd:MD_Constraints>
          <gmd:useLimitation>
            <gco:CharacterString xmlns:gco="http://www.isotc211.org/2005/gco">Geen</gco:CharacterString>
          </gmd:useLimitation>
        </gmd:MD_Constraints>
      </gmd:resourceConstraints>
      <gmd:resourceConstraints>
        <gmd:MD_LegalConstraints>
          <gmd:accessConstraints>
            <gmd:MD_RestrictionCode codeList="http://standards.iso.org/ittf/PubliclyAvailableStandards/ISO_19139_Schemas/resources/codelist/ML_gmxCodelists.xml#MD_RestrictionCode" codeListValue="otherRestrictions" />
          </gmd:accessConstraints>
          <gmd:otherConstraints>
            <gco:CharacterString xmlns:gco="http://www.isotc211.org/2005/gco">Geen beperkingen</gco:CharacterString>
          </gmd:otherConstraints>
          <gmd:otherConstraints>
            <gco:CharacterString xmlns:gco="http://www.isotc211.org/2005/gco">http://creativecommons.org/publicdomain/mark/1.0/deed.nl</gco:CharacterString>
          </gmd:otherConstraints>
        </gmd:MD_LegalConstraints>
      </gmd:resourceConstraints>
      <gmd:spatialResolution>
        <gmd:MD_Resolution>
          <gmd:equivalentScale>
            <gmd:MD_RepresentativeFraction>
              <gmd:denominator>
                <gco:Integer xmlns:gco="http://www.isotc211.org/2005/gco">10000</gco:Integer>
              </gmd:denominator>
            </gmd:MD_RepresentativeFraction>
          </gmd:equivalentScale>
        </gmd:MD_Resolution>
      </gmd:spatialResolution>
      <gmd:language>
        <gmd:LanguageCode codeList="http://www.loc.gov/standards/iso639-2/" codeListValue="dut" />
      </gmd:language>
      <gmd:characterSet>
        <gmd:MD_CharacterSetCode codeListValue="utf8" codeList="http://standards.iso.org/ittf/PubliclyAvailableStandards/ISO_19139_Schemas/resources/codelist/ML_gmxCodelists.xml#MD_CharacterSetCode" />
      </gmd:characterSet>
      <gmd:topicCategory>
        <gmd:MD_TopicCategoryCode>health</gmd:MD_TopicCategoryCode>
      </gmd:topicCategory>
      <gmd:extent>
        <gmd:EX_Extent>
          <gmd:geographicElement>
            <gmd:EX_GeographicBoundingBox>
              <gmd:westBoundLongitude>
                <gco:Decimal xmlns:gco="http://www.isotc211.org/2005/gco">3.37</gco:Decimal>
              </gmd:westBoundLongitude>
              <gmd:eastBoundLongitude>
                <gco:Decimal xmlns:gco="http://www.isotc211.org/2005/gco">7.21</gco:Decimal>
              </gmd:eastBoundLongitude>
              <gmd:southBoundLatitude>
                <gco:Decimal xmlns:gco="http://www.isotc211.org/2005/gco">50.75</gco:Decimal>
              </gmd:southBoundLatitude>
              <gmd:northBoundLatitude>
                <gco:Decimal xmlns:gco="http://www.isotc211.org/2005/gco">53.47</gco:Decimal>
              </gmd:northBoundLatitude>
            </gmd:EX_GeographicBoundingBox>
          </gmd:geographicElement>
        </gmd:EX_Extent>
      </gmd:extent>
    </gmd:MD_DataIdentification>
  </gmd:identificationInfo>
  <gmd:distributionInfo>
    <gmd:MD_Distribution>
      <gmd:transferOptions>
        <gmd:MD_DigitalTransferOptions>
          <gmd:onLine>
            <gmd:CI_OnlineResource>
              <gmd:linkage>
                <gmd:URL>https://data.rivm.nl/covid-19/COVID-19_casus_landelijk.csv</gmd:URL>
              </gmd:linkage>
              <gmd:protocol>
                <gco:CharacterString xmlns:gco="http://www.isotc211.org/2005/gco">download</gco:CharacterString>
              </gmd:protocol>
            </gmd:CI_OnlineResource>
          </gmd:onLine>
          <gmd:onLine>
            <gmd:CI_OnlineResource>
              <gmd:linkage>
                <gmd:URL>https://data.rivm.nl/covid-19/COVID-19_casus_landelijk.json</gmd:URL>
              </gmd:linkage>
              <gmd:protocol>
                <gco:CharacterString xmlns:gco="http://www.isotc211.org/2005/gco">download</gco:CharacterString>
              </gmd:protocol>
            </gmd:CI_OnlineResource>
          </gmd:onLine>
        </gmd:MD_DigitalTransferOptions>
      </gmd:transferOptions>
    </gmd:MD_Distribution>
  </gmd:distributionInfo>
  <gmd:dataQualityInfo>
    <gmd:DQ_DataQuality>
      <gmd:scope>
        <gmd:DQ_Scope>
          <gmd:level>
            <gmd:MD_ScopeCode codeListValue="dataset" codeList="http://standards.iso.org/ittf/PubliclyAvailableStandards/ISO_19139_Schemas/resources/codelist/ML_gmxCodelists.xml#MD_ScopeCode" />
          </gmd:level>
        </gmd:DQ_Scope>
      </gmd:scope>
      <gmd:lineage>
        <gmd:LI_Lineage>
          <gmd:statement>
            <gco:CharacterString xmlns:gco="http://www.isotc211.org/2005/gco">OSIRIS Algemene Infectieziekten (AIZ)</gco:CharacterString>
          </gmd:statement>
        </gmd:LI_Lineage>
      </gmd:lineage>
    </gmd:DQ_DataQuality>
  </gmd:dataQualityInfo>
</gmd:MD_Metadata>